{"cameraMode":{"drawMode":0,"name":"Shaded","section":"Shading Mode"},"sceneLighting":true,"audioPlay":false,"sceneViewState":{"showFog":true,"showMaterialUpdate":false,"showSkybox":true,"showFlares":true,"showImageEffects":true,"showParticleSystems":true},"in2DMode":false,"pivot":{"x":22.586811065673829,"y":17.43889045715332,"z":-10.430517196655274},"rotation":{"x":-0.02805374003946781,"y":-0.9383103847503662,"z":-0.3356148898601532,"w":0.07843666523694992},"size":10.0,"orthographic":false}