{"cameraMode":{"drawMode":0,"name":"Shaded","section":"Shading Mode"},"sceneLighting":true,"audioPlay":false,"sceneViewState":{"showFog":true,"showMaterialUpdate":false,"showSkybox":true,"showFlares":true,"showImageEffects":true,"showParticleSystems":true},"in2DMode":false,"pivot":{"x":25.27972412109375,"y":27.820064544677736,"z":5.730510711669922},"rotation":{"x":-0.25390616059303286,"y":-0.558867871761322,"z":-0.18489304184913636,"w":0.7674720883369446},"size":7.586129188537598,"orthographic":false}